prompt,is_context_sufficient,reason,confidence
What steps should I take to improve my time management skills?,False,"The prompt lacks specific context about the user's current time management challenges or goals, which would help in providing a more tailored response.",0.7
What are the key benefits of using cloud storage for personal files?,False,"The prompt lacks specific context about the user's needs or situation regarding cloud storage, making it difficult to determine if the answer will be relevant.",0.7
What are the steps to reset my email password?,False,"The prompt lacks context about which email service is being referred to, making it insufficient for a specific answer.",0.7
What are the key ingredients needed to make a classic Margherita pizza?,True,"The question is straightforward and can be answered with a short list of ingredients, providing sufficient context for the task.",0.9
What are the key steps to create a budget for a small business?,False,"The prompt does not provide enough context about the specific type of business or any particular financial goals, which are essential for creating a tailored budget.",0.7
What are the steps to reset my email password?,False,"The prompt lacks context about the specific email service provider, which is essential for providing accurate instructions.",0.7
What is the best way to organize my daily tasks for maximum productivity?,False,"The prompt lacks specific details about the user's current task management methods, preferences, or challenges they face, which are necessary to provide tailored advice.",0.85
What are the main ingredients needed to bake a chocolate cake?,False,The prompt does not provide enough context regarding the type of chocolate cake or any specific dietary restrictions that might influence the answer.,0.7
What are some effective strategies for improving time management skills?,False,"The prompt does not provide specific details about the user's current time management challenges or context, making it unclear if the strategies should be general or tailored to a particular situation.",0.7
What are the steps to reset a forgotten password on a Windows 10 computer?,False,"The prompt does not provide sufficient context about the user's current situation or the specific type of account they are trying to reset, which could affect the steps needed.",0.7
What are the steps to reset my password on the website?,False,"The prompt does not specify which website the user is referring to, making it unclear if the answer can be provided without additional context.",0.7
What are the main ingredients needed to make a traditional Italian lasagna?,False,"The prompt lacks context about dietary restrictions, serving sizes, or specific variations of lasagna that the user might be interested in.",0.7
What are the steps to reset my password on the website?,False,"The prompt lacks specific details about the website, which may be necessary for providing accurate instructions.",0.7
What are the key steps to create a successful budget for a small business?,False,"The prompt does not provide enough context about the specific type of small business or any particular financial goals, making it challenging to determine the most relevant steps for budgeting.",0.65
What are the steps to reset my email password?,False,"The prompt lacks context regarding the email service provider, which is necessary for accurate guidance.",0.7
What are some effective strategies for improving time management skills?,False,"The prompt lacks specific context about the user's current time management challenges or goals, which would help in providing a more tailored response.",0.75
What are the steps to reset my email password?,True,"The prompt is clear and specific, providing enough context for a user to understand what information is being requested.",0.9
What are the steps to reset my password on the website?,False,"The prompt lacks specific information about which website the user is referring to, making it difficult to provide a precise answer.",0.7
What are the key steps to create a budget for a small business?,False,"The prompt lacks specific details about the business type, size, or financial goals, which are crucial for providing a tailored budgeting approach.",0.75
What are the key steps to create a budget plan for personal finances?,False,"The prompt asks for steps to create a budget plan but does not provide any context about the user's financial situation or specific goals, making it unclear if the answer will be relevant to the user's needs.",0.7
What are the main steps to create a budget for a small business?,False,"The prompt does not specify the type of business or the specific financial aspects to consider, which limits the context needed for a comprehensive answer.",0.7
What are the key steps to create a budget for a small business?,False,"The prompt does not specify the type of small business or the specific financial goals, making it too vague to provide a tailored response.",0.7
What are the key steps to create a budget for a small business?,False,"The prompt does not specify the type of small business or any particular financial goals, which may lead to varied interpretations of 'budget'.",0.6
What are the main steps to create a budget plan for a small business?,False,"The prompt lacks context about the specific type of small business and any particular financial goals, making it insufficient for a detailed response.",0.7
What are the key steps to create a successful marketing campaign for a new product launch?,False,"The prompt does not specify the type of product, target audience, or marketing channels, which are crucial for providing a tailored response.",0.7
What are the steps to troubleshoot a Wi-Fi connection issue on my laptop?,False,"The prompt is vague and lacks specific details about the laptop model, operating system, or the nature of the Wi-Fi issue.",0.7
What are the main ingredients needed to make a traditional Italian Margherita pizza?,False,"The prompt lacks context regarding dietary restrictions, cooking methods, or specific regional variations, which could affect the ingredients listed.",0.7
What steps should I take to improve my time management skills for better productivity at work?,False,"The prompt lacks specific details about the user's current time management practices, challenges faced, or the work environment, making it difficult to provide tailored advice.",0.75
What are the key steps to troubleshoot a slow internet connection at home?,True,"The prompt specifies a clear task (troubleshooting a slow internet connection) and indicates the expected outcome (key steps), providing enough context for a concise answer.",0.9
What are the main steps involved in creating a budget for a small business?,False,"The prompt lacks specific details about the type of small business or any particular financial goals, making it unclear if the answer would be applicable to the user's situation.",0.6
What are the main steps to create a budget for a small business?,False,"The prompt does not specify the type of business or the specific financial aspects to consider, which limits the context needed for a comprehensive answer.",0.7
What are the key steps to create a budget for a small business?,False,"The prompt does not specify the type of small business or the specific financial goals, making it too vague to provide a tailored response.",0.7
What are the key steps to create a budget for a small business?,False,"The prompt does not specify the type of small business or any particular financial goals, which may lead to varied interpretations of 'budget'.",0.6
What are the main steps to create a budget plan for a small business?,False,"The prompt lacks context about the specific type of small business and any particular financial goals, making it insufficient for a detailed response.",0.7
What are the key steps to create a successful marketing campaign for a new product launch?,False,"The prompt does not specify the type of product, target audience, or marketing channels, which are crucial for providing a tailored response.",0.7
What are the steps to troubleshoot a Wi-Fi connection issue on my laptop?,False,"The prompt is vague and lacks specific details about the laptop model, operating system, or the nature of the Wi-Fi issue.",0.7
What are the main ingredients needed to make a traditional Italian Margherita pizza?,False,"The prompt lacks context regarding dietary restrictions, cooking methods, or specific regional variations, which could affect the ingredients listed.",0.7
What steps should I take to improve my time management skills for better productivity at work?,False,"The prompt lacks specific details about the user's current time management practices, challenges faced, or the work environment, making it difficult to provide tailored advice.",0.75
What are the key steps to troubleshoot a slow internet connection at home?,True,"The prompt specifies a clear task (troubleshooting a slow internet connection) and indicates the expected outcome (key steps), providing enough context for a concise answer.",0.9
What are the main steps involved in creating a budget for a small business?,False,"The prompt lacks specific details about the type of small business or any particular financial goals, making it unclear if the answer would be applicable to the user's situation.",0.6
What are the main benefits of using renewable energy sources over fossil fuels?,False,"The prompt lacks context about the specific audience or application, making it unclear if the answer should be technical, educational, or policy-oriented.",0.7
What are the key steps to effectively prepare for a job interview in the tech industry?,False,"The prompt does not provide specific details about the type of job or the candidate's background, making it unclear if the answer would be relevant to the user's situation.",0.6
